when,item,paid,change,method
20221103 03:40:50.0,Pebis zero,1.2000000476837158,0.0,null
20221103 07:50:47.0,Alan,1.2000000476837158,0.0,null
20221103 07:54:15.0,Conk,1.2000000476837158,0.0,null
