name,value,quantity
$100,5,100.0
$50,5,50.0
$20,5,20.0
$10,5,10.0
$5,100,5.0
$2,9,2.0
$1,5,1.0
50c,0,0.5
20c,0,0.20000000298023224
10c,0,0.10000000149011612
5c,5,0.05000000074505806
